042fd93206efbb74cca5014c0f1180983fb8ad2f,yihua_liu,2021-10-13T21:50:12+08:00,Final commit
6f0889d7169ea32f6f82e2e649890b4dca686611,yihua_liu,2021-10-13T21:09:41+08:00,Task 13
77230652df3c233c90fc6569bb814ff1f68dd0fc,yihua_liu,2021-10-13T21:08:24+08:00,Task 11
4f69458302ea5fb3544fcda300a1cfa06ba672c1,yihua_liu,2021-10-11T12:35:24+08:00,Task 10
68e8c3513b3ea78ebd51c8b404919c6fc8b02109,yihua_liu,2021-10-05T21:26:27+08:00,M3 w/o bonus code quality checked
468a2880548e9a1d290ef7912d670cc9c9ef36d2,yihua_liu,2021-10-05T20:09:49+08:00,Milestone 3 without bonus
37150faa3971d83dfe99043ddb9649a6af182a81,yihua_liu,2021-10-05T19:46:18+08:00,update .gitignore 2
2853238ef1d5ad0cf8997d7ef1bc2d5fb7e70d94,yihua_liu,2021-10-05T19:45:18+08:00,update .gitignore
aae1a25d4b087f8776057f96200fdd9d709988f0,yihua_liu,2021-10-05T15:09:55+08:00,Task 12
3f01a21fabd02312b2e844edb921c654eb64b53e,yihua_liu,2021-10-04T15:56:33+08:00,Task 9
b05d62d7240c10ffd4e92619dbfa090c7bd14ff1,yihua_liu,2021-10-04T11:37:17+08:00,Task 8 memory-safe
17816011ab47a647f547f4ed58c76f74f1a95a6d,yihua_liu,2021-10-04T02:34:10+08:00,Task 8.2 & 8.3
e82ff4516cf86037f54811c8e20aecbad2db3740,yihua_liu,2021-10-03T11:31:21+08:00,Task 8.1
44f24a509d488a719724d993ae652c452d96f3c2,yihua_liu,2021-10-03T01:53:43+08:00,Task 7 fix
19f2ef6299e7d9035a42ea6d2883d301dd366325,yihua_liu,2021-10-02T12:49:47+08:00,Task 7
02cd24b747045d35db55089d739d801445263ec0,yihua_liu,2021-10-02T10:50:09+08:00,Task 6.4
c2864b0910021e5187f4435ab48b93649cde009f,yihua_liu,2021-10-02T10:24:37+08:00,Task 6.3
815b5a888892323c1ba0bd332afdefe08645d501,yihua_liu,2021-10-01T21:19:16+08:00,6.2
125f9d2f359c252702781728555269eb65cb142d,yihua_liu,2021-10-01T18:35:44+08:00,6.1primary
8a07973f161f9aa777d4d604e37b6dce5cc2bbf0,yihua_liu,2021-09-22T17:32:01+08:00,m1lintchecked
62a07b90a4b5ad0619ba8fddbb9c373af7fba8f1,yihua_liu,2021-09-22T10:38:56+08:00,m1pretestallpass
11f1820340dc64d99f1918bd0bf022ca6029fa9a,yihua_liu,2021-09-22T01:01:24+08:00,2.4.2
e244e6d1a286c546a1f3b15b717e26165aba99ec,yihua_liu,2021-09-21T22:51:47+08:00,1.4primary
004abccb5b3813aadabf468c6ceb2bb2a690fe69,yihua_liu,2021-09-21T18:01:36+08:00,1.3
a92feb0fc2f844111361b0af1df5220af8aa7800,yihua_liu,2021-09-21T16:39:02+08:00,1.2primary
5e858409ac917c4cdf33ecf95bb1802620b62cac,yihua_liu,2021-09-21T02:35:44+08:00,1.1primary
7dfd8dccb40b634e142d8746318652b28729f468,yihua_liu,2021-09-21T00:48:31+08:00,first commit
